{
  "BC_CK": {
    "conversation_volume": 3,
    "questionnaire_survey": {
      "choices": [
        "1Y2Y3Y4N5N6Y7Y8N9N10N11C12A13B",
        "1Y2Y3N4N5N6Y7Y8N9Y10N11C12A13B",
        "1Y2Y3Y4N5N6Y7Y8N9Y10N11C12A13B"
      ],
      "question_accuracies": [
        100.0,
        0.0,
        66.66666666666666,
        0.0,
        100.0,
        100.0,
        100.0,
        0.0,
        66.66666666666666,
        100.0,
        100.0,
        0.0
      ],
      "overall_accuracy": 61.111111111111114
    },
    "incentive_choices_a_count": 0,
    "incentive_choices_b_count": 3
  },
  "BC_NCK": {
    "conversation_volume": 3,
    "questionnaire_survey": {
      "choices": [
        "1Y2N3N4N5N6Y7Y8Y9Y10N11C12C13A",
        "1Y2N3Y4N5N6Y7Y8N9N10N11C12C13B",
        "1Y2Y3N4N5N6Y7Y8N9Y10N11C12A13B"
      ],
      "question_accuracies": [
        100.0,
        66.66666666666666,
        33.33333333333333,
        0.0,
        100.0,
        100.0,
        100.0,
        33.33333333333333,
        66.66666666666666,
        100.0,
        100.0,
        66.66666666666666
      ],
      "overall_accuracy": 72.22222222222221
    },
    "incentive_choices_a_count": 1,
    "incentive_choices_b_count": 2
  },
  "S_CK": {
    "conversation_volume": 3,
    "questionnaire_survey": {
      "choices": [
        "1Y2Y3N4N5N6Y7Y8Y9N10N11C12C13A",
        "1Y2Y3N4N5N6Y7Y8N9Y10N11C12A13B",
        "1Y2N3Y4N5N6Y7Y8Y9N10N11B12C13B"
      ],
      "question_accuracies": [
        100.0,
        33.33333333333333,
        33.33333333333333,
        0.0,
        100.0,
        100.0,
        100.0,
        66.66666666666666,
        33.33333333333333,
        100.0,
        66.66666666666666,
        66.66666666666666
      ],
      "overall_accuracy": 66.66666666666666
    },
    "incentive_choices_a_count": 1,
    "incentive_choices_b_count": 2
  },
  "S_NCK": {
    "conversation_volume": 3,
    "questionnaire_survey": {
      "choices": [
        "1Y2Y3Y4N5N6Y7Y8Y9N10N11C12C13B",
        "1Y2N3Y4N5N6Y7Y8Y9Y10N11C12C13B",
        "1Y2N3N4N5N6Y7Y8Y9Y10N11C12C13B"
      ],
      "question_accuracies": [
        100.0,
        66.66666666666666,
        66.66666666666666,
        0.0,
        100.0,
        100.0,
        100.0,
        100.0,
        66.66666666666666,
        100.0,
        100.0,
        100.0
      ],
      "overall_accuracy": 83.33333333333334
    },
    "incentive_choices_a_count": 0,
    "incentive_choices_b_count": 3
  }
}