years,rebellions,unemployment_rate,population,government_budget,rebellion_strength,average_satisfaction,tax_rate,basic_living_cost,gdp
1650 Q1,0,1.0,11,300013.5,20.0,53.27272727272727,0.05,10,145
1650 Q2,0,1.0,11,10020.75,4.0,53.27272727272727,0.0,10,145
1650 Q3,0,1.0,11,2020.75,0.7999999999999998,53.27272727272727,0.0,10,145
1650 Q4,0,1.0,11,2020.75,0.7999999999999998,53.27272727272727,0.0,10,145
