years,rebellions,unemployment_rate,population,government_budget,rebellion_strength,average_satisfaction,tax_rate,basic_living_cost,gdp
1650 Q1,0,1.0,11,1000009.0,100,64.0909090909091,0.1,10,100
1650 Q2,0,1.0,11,1000019.0,100,64.0909090909091,0.1,10,100
1650 Q3,0,1.0,11,1000029.0,100,64.0909090909091,0.1,10,100
1650 Q4,0,1.0,11,1000039.0,100,64.0909090909091,0.1,10,100
