years,rebellions,unemployment_rate,population,government_budget,rebellion_strength,average_satisfaction,tax_rate,basic_living_cost,gdp
1650 Q1,0,1.0,11,999999.0,100,59.81818181818182,0.1,10,-10
1650 Q2,0,1.0,11,999998.0,100,59.81818181818182,0.1,10,-10
1650 Q3,0,1.0,11,999997.0,100,59.81818181818182,0.1,10,-10
1650 Q4,0,1.0,11,999996.0,100,59.81818181818182,0.1,10,-10
